<?xml version="1.0" encoding="UTF-8"?>
<!DOCTYPE filesystem PUBLIC "-//NetBeans//DTD Filesystem 1.2//EN" "http://www.netbeans.org/dtds/filesystem-1_2.dtd">
<filesystem>
    <folder name="Editors">
        <folder name="text">
            <folder name="x-java">
                <folder name="CodeGenerators">
                    <file name="org-netbeans-modules-java-editor-codegen-ConstructorGenerator$Factory.instance_hidden"/>
                    <file name="org-netbeans-modules-java-editor-codegen-GetterSetterGenerator$Factory.instance_hidden"/>
                </folder>
            </folder>
        </folder>
    </folder>
</filesystem>
